<?xml version="1.0" encoding="utf-8"?>
<assets PGFVersion="0.25" GSCVersion="1.25.6255">
  <sounds>
    <music name="Valentine">
      <file name="Valentine.m4a" size="2750547" />
    </music>
    <music name="diewithasmile">
      <file name="die with a smile.mp3" size="4057073" />
    </music>
    <music name="silla">
      <file name="silla.mp3" size="2334460" />
    </music>
    <music name="Bingbing">
      <file name="Bing bing.m4a" size="2036730" />
    </music>
    <music name="queen">
      <file name="queen.mp3" size="5819343" />
    </music>
  </sounds>
  <images>
    <image name="pngwing.com (3)">
      <file name="pngwing.com (3).png" size="1396" />
    </image>
    <image name="pngwing.com (4)">
      <file name="pngwing.com (4).png" size="1469" />
    </image>
    <image name="pngwing.com (5)">
      <file name="pngwing.com (5).png" size="1649" />
    </image>
    <image name="pngwing.com (6)">
      <file name="pngwing.com (6).png" size="1975" />
    </image>
    <image name="pngwing.com (7)">
      <file name="pngwing.com (7).png" size="4195" />
    </image>
    <image name="gato 2">
      <file name="gato 2.png" size="27689" />
    </image>
    <image name="gato">
      <file name="gato.png" size="27616" />
    </image>
    <image name="un fondo png super lindo en un bosque con lago, estilo pixel o similar a minecraft con alta resolucion, y que sea en formato png">
      <file name="un fondo png super lindo en un bosque con lago, estilo pixel o similar a minecraft con alta resolucion, y que sea en formato png.png" size="197002" />
    </image>
    <image name="transparent_marker">
      <file name="transparent_marker.png" size="119" />
    </image>
  </images>
  <fonts />
  <behaviors />
</assets>