<?xml version="1.0" encoding="utf-8"?>
<game GSCVersion="1.25.6255" PGFVersion="0.25" title="Juego de musica">
  <tags />
  <resolutionIndependence>0</resolutionIndependence>
  <instructions>Add game instructions here.</instructions>
  <resolution>12</resolution>
  <longDescription>A simple game.</longDescription>
  <prototypes>
    <actor id="id260003" />
    <actor id="id246928" />
    <actor id="id102420" />
    <actor id="id913853" />
    <actor id="id365399" />
    <actor id="id660604" />
    <actor id="id490712" />
    <actor id="id504421" />
  </prototypes>
  <plugins />
  <scenes>
    <scene id="id651255" />
  </scenes>
  <attributes>
    <text id="name">default name</text>
    <real id="time">0</real>
    <integer id="randomSeed">-1</integer>
    <size id="displaySize">
      <real id="width">568</real>
      <real id="height">320</real>
    </size>
    <text id="actorTags" />
    <boolean id="platformConnected">false</boolean>
    <enumeration id="playerType">1</enumeration>
    <playermap id="player1 Keymap">
      <text id="dpadUp" />
      <text id="dpadDown" />
      <text id="dpadLeft" />
      <text id="dpadRight" />
      <text id="buttonX" />
      <text id="buttonY" />
      <text id="buttonA" />
      <text id="buttonB" />
      <text id="start" />
      <text id="select" />
      <text id="leftShoulder1" />
      <text id="rightShoulder1" />
      <text id="leftShoulder2" />
      <text id="rightShoulder2" />
      <text id="leftStickClick" />
      <text id="rightStickClick" />
    </playermap>
    <playermap id="player2 Keymap">
      <text id="dpadUp" />
      <text id="dpadDown" />
      <text id="dpadLeft" />
      <text id="dpadRight" />
      <text id="buttonX" />
      <text id="buttonY" />
      <text id="buttonA" />
      <text id="buttonB" />
      <text id="start" />
      <text id="select" />
      <text id="leftShoulder1" />
      <text id="rightShoulder1" />
      <text id="leftShoulder2" />
      <text id="rightShoulder2" />
      <text id="leftStickClick" />
      <text id="rightStickClick" />
    </playermap>
    <playermap id="player3 Keymap">
      <text id="dpadUp" />
      <text id="dpadDown" />
      <text id="dpadLeft" />
      <text id="dpadRight" />
      <text id="buttonX" />
      <text id="buttonY" />
      <text id="buttonA" />
      <text id="buttonB" />
      <text id="start" />
      <text id="select" />
      <text id="leftShoulder1" />
      <text id="rightShoulder1" />
      <text id="leftShoulder2" />
      <text id="rightShoulder2" />
      <text id="leftStickClick" />
      <text id="rightStickClick" />
    </playermap>
    <playermap id="player4 Keymap">
      <text id="dpadUp" />
      <text id="dpadDown" />
      <text id="dpadLeft" />
      <text id="dpadRight" />
      <text id="buttonX" />
      <text id="buttonY" />
      <text id="buttonA" />
      <text id="buttonB" />
      <text id="start" />
      <text id="select" />
      <text id="leftShoulder1" />
      <text id="rightShoulder1" />
      <text id="leftShoulder2" />
      <text id="rightShoulder2" />
      <text id="leftStickClick" />
      <text id="rightStickClick" />
    </playermap>
    <playermap id="player5 Keymap">
      <text id="dpadUp" />
      <text id="dpadDown" />
      <text id="dpadLeft" />
      <text id="dpadRight" />
      <text id="buttonX" />
      <text id="buttonY" />
      <text id="buttonA" />
      <text id="buttonB" />
      <text id="start" />
      <text id="select" />
      <text id="leftShoulder1" />
      <text id="rightShoulder1" />
      <text id="leftShoulder2" />
      <text id="rightShoulder2" />
      <text id="leftStickClick" />
      <text id="rightStickClick" />
    </playermap>
    <playermap id="player6 Keymap">
      <text id="dpadUp" />
      <text id="dpadDown" />
      <text id="dpadLeft" />
      <text id="dpadRight" />
      <text id="buttonX" />
      <text id="buttonY" />
      <text id="buttonA" />
      <text id="buttonB" />
      <text id="start" />
      <text id="select" />
      <text id="leftShoulder1" />
      <text id="rightShoulder1" />
      <text id="leftShoulder2" />
      <text id="rightShoulder2" />
      <text id="leftStickClick" />
      <text id="rightStickClick" />
    </playermap>
    <playermap id="player7 Keymap">
      <text id="dpadUp" />
      <text id="dpadDown" />
      <text id="dpadLeft" />
      <text id="dpadRight" />
      <text id="buttonX" />
      <text id="buttonY" />
      <text id="buttonA" />
      <text id="buttonB" />
      <text id="start" />
      <text id="select" />
      <text id="leftShoulder1" />
      <text id="rightShoulder1" />
      <text id="leftShoulder2" />
      <text id="rightShoulder2" />
      <text id="leftStickClick" />
      <text id="rightStickClick" />
    </playermap>
    <playermap id="player8 Keymap">
      <text id="dpadUp" />
      <text id="dpadDown" />
      <text id="dpadLeft" />
      <text id="dpadRight" />
      <text id="buttonX" />
      <text id="buttonY" />
      <text id="buttonA" />
      <text id="buttonB" />
      <text id="start" />
      <text id="select" />
      <text id="leftShoulder1" />
      <text id="rightShoulder1" />
      <text id="leftShoulder2" />
      <text id="rightShoulder2" />
      <text id="leftStickClick" />
      <text id="rightStickClick" />
    </playermap>
    <adreward id="adReward">
      <integer id="value">0</integer>
      <text id="name" />
    </adreward>
    <table id="id896752" name="PurchaseTable">PurchaseTable</table>
    <integer id="id953754" name="backgroundIndex">1</integer>
  </attributes>
</game>