<?xml version="1.0" encoding="utf-8"?>
<scene PGFVersion="0.25" GSCVersion="1.25.6255" id="id651255">
  <layers>
    <layer id="id749371">
      <actors>
        <actor id="id965543" prototype="id260003">
          <attributes>
            <point id="position">
              <real id="x">283</real>
              <real id="y">158</real>
            </point>
            <size id="size">
              <real id="width">569</real>
              <real id="height">327</real>
            </size>
            <angle id="rotation">0</angle>
          </attributes>
          <aspects />
        </actor>
        <actor id="id600780" prototype="id246928">
          <attributes>
            <point id="position">
              <real id="x">493</real>
              <real id="y">254</real>
            </point>
            <size id="size">
              <real id="width">43</real>
              <real id="height">49</real>
            </size>
            <angle id="rotation">0</angle>
          </attributes>
          <aspects />
        </actor>
        <actor id="id122926" prototype="id102420">
          <attributes>
            <point id="position">
              <real id="x">477</real>
              <real id="y">123</real>
            </point>
            <size id="size">
              <real id="width">53</real>
              <real id="height">44</real>
            </size>
            <angle id="rotation">0</angle>
          </attributes>
          <aspects />
        </actor>
        <actor id="id510172" prototype="id913853">
          <attributes>
            <point id="position">
              <real id="x">73</real>
              <real id="y">255</real>
            </point>
            <size id="size">
              <real id="width">68</real>
              <real id="height">72</real>
            </size>
            <angle id="rotation">0</angle>
          </attributes>
          <aspects />
        </actor>
        <actor id="id750098" prototype="id365399">
          <attributes>
            <point id="position">
              <real id="x">140</real>
              <real id="y">149</real>
            </point>
            <size id="size">
              <real id="width">53</real>
              <real id="height">48</real>
            </size>
            <angle id="rotation">0</angle>
          </attributes>
          <aspects />
        </actor>
        <actor id="id483939" prototype="id660604">
          <attributes>
            <point id="position">
              <real id="x">391</real>
              <real id="y">59</real>
            </point>
            <size id="size">
              <real id="width">68</real>
              <real id="height">39</real>
            </size>
            <angle id="rotation">0</angle>
          </attributes>
          <aspects />
        </actor>
        <actor id="id963343" prototype="id490712">
          <attributes>
            <point id="position">
              <real id="x">114</real>
              <real id="y">88</real>
            </point>
            <size id="size">
              <real id="width">97</real>
              <real id="height">98</real>
            </size>
            <angle id="rotation">0</angle>
          </attributes>
          <aspects />
        </actor>
      </actors>
      <attributes>
        <text id="name">Background</text>
        <boolean id="scrollable">true</boolean>
      </attributes>
    </layer>
  </layers>
  <attributes>
    <text id="name">Initial Scene</text>
    <real id="time">0</real>
    <size id="size">
      <real id="width">568</real>
      <real id="height">320</real>
    </size>
    <boolean id="wrapX">false</boolean>
    <boolean id="wrapY">false</boolean>
    <point id="gravity">
      <real id="x">0</real>
      <real id="y">0</real>
    </point>
    <color id="color">
      <real id="red">0</real>
      <real id="green">0</real>
      <real id="blue">0</real>
      <real id="alpha">1</real>
    </color>
    <rect id="camera">
      <point id="origin">
        <real id="x">0</real>
        <real id="y">0</real>
      </point>
      <size id="size">
        <real id="width">568</real>
        <real id="height">320</real>
      </size>
      <size id="trackingArea">
        <real id="width">488</real>
        <real id="height">260</real>
      </size>
      <real id="rotation">0</real>
    </rect>
    <attributes id="autorotate">
      <boolean id="landscapeLeft">true</boolean>
      <boolean id="portrait">false</boolean>
      <boolean id="landscapeRight">false</boolean>
      <boolean id="portraitUpsideDown">false</boolean>
    </attributes>
  </attributes>
</scene>